,Mn,Co,Cu,Ga,Ge,Nb,Ni,Si,Sn,Zn,N,C,B,Fe,Ag,element_B,Sb,Cr,Re,alpha,t1,t2
0,3.1,0,0.0,0.0,0.0,0.0,0.0,0.0,0.5,0.4,1.0,0.0,0.0,0.0,0.0,2,0.0,0.0,0.0,-7.93,391.0,439.0
1,3.1,0,0.0,0.0,0.0,0.0,0.0,0.0,0.4,0.5,1.0,0.0,0.0,0.0,0.0,2,0.0,0.0,0.0,-25.3,313.0,371.0
2,3.1,0,0.0,0.0,0.0,0.0,0.0,0.0,0.3,0.6,1.0,0.0,0.0,0.0,0.0,2,0.0,0.0,0.0,-29.7,330.0,381.0
3,3.2,0,0.0,0.0,0.0,0.0,0.0,0.0,0.4,0.4,1.0,0.0,0.0,0.0,0.0,2,0.0,0.0,0.0,-9.91,357.0,413.0
36,3.0,0,0.6,0.0,0.28,0.0,0.0,0.12,0.0,0.0,1.0,0.0,0.0,0.0,0.0,3,0.0,0.0,0.0,-18.2,140.0,223.0
8,3.0,0,0.6,0.0,0.4,0.0,0.0,0.0,0.0,0.0,1.0,0.0,0.0,0.0,0.0,2,0.0,0.0,0.0,-18.0,218.53,292.65
41,3.0,0,0.0,0.0,0.0,0.0,0.0,0.0,0.6,0.4,0.8,0.2,0.0,0.0,0.0,2,0.0,0.0,0.0,-20.0,205.0,270.0
100,3.0,0,0.0,0.0,0.0,0.04,0.0,0.0,0.0,0.0,1.0,0.0,0.0,0.0,0.96,2,0.0,0.0,0.0,-20.0,266.4,287.5
95,3.0,0,0.6,0.0,0.35,0.0,0.0,0.05,0.0,0.0,1.0,0.0,0.0,0.0,0.0,3,0.0,0.0,0.0,-30.0,216.01,267.97
119,3.25,0,0.0,0.0,0.0,0.0,0.0,0.0,0.25,0.5,1.0,0.0,0.0,0.0,0.0,2,0.0,0.0,0.0,-31.13,299.02,344.12
79,3.4,0,0.0,0.0,0.0,0.0,0.0,0.0,0.0,0.0,1.0,0.0,0.0,0.0,0.6,2,0.0,0.0,0.0,-16.7,175.0,212.0
102,3.0,0,0.0,0.0,0.0,0.08,0.0,0.0,0.0,0.0,1.0,0.0,0.0,0.0,0.92,2,0.0,0.0,0.0,-21.5,266.3,287.3
38,3.0,0,0.6,0.0,0.25,0.0,0.0,0.15,0.0,0.0,1.0,0.0,0.0,0.0,0.0,3,0.0,0.0,0.0,-11.6,95.0,195.0
89,3.0,0,0.6,0.0,0.4,0.0,0.0,0.0,0.0,0.0,0.9,0.1,0.0,0.0,0.0,2,0.0,0.0,0.0,-23.875,135.0,191.0
106,3.0,0,0.0,0.8,0.2,0.0,0.0,0.0,0.0,0.0,1.0,0.0,0.0,0.0,0.0,2,0.0,0.0,0.0,-20.0,351.0,411.0
57,3.0,0,0.0,0.0,0.0,0.0,0.0,0.0,0.65,0.35,0.85,0.15,0.0,0.0,0.0,2,0.0,0.0,0.0,-21.0,284.0,353.0
0,3.0,0,0.53,0.0,0.47,0.0,0.0,0.0,0.0,0.0,1.0,0.0,0.0,0.0,0.0,2,0.0,0.0,0.0,-16.0,267.0,342.0
37,3.0,0,0.6,0.0,0.26,0.0,0.0,0.14,0.0,0.0,1.0,0.0,0.0,0.0,0.0,3,0.0,0.0,0.0,-12.4,115.0,206.0
93,3.0,0,0.6,0.0,0.2,0.0,0.0,0.0,0.0,0.0,1.0,0.0,0.0,0.0,0.2,3,0.0,0.0,0.0,-64.49,174.74,205.06
22,3.0,0,0.5,0.5,0.0,0.0,0.0,0.0,0.0,0.0,1.0,0.0,0.0,0.0,0.0,2,0.0,0.0,0.0,-42.01,75.17,155.7
32,3.0,0,0.6,0.0,0.25,0.0,0.0,0.15,0.0,0.0,1.0,0.0,0.0,0.0,0.0,3,0.0,0.0,0.0,-11.55,90.0,190.0
107,3.0,0,0.0,0.7,0.3,0.0,0.0,0.0,0.0,0.0,1.0,0.0,0.0,0.0,0.0,2,0.0,0.0,0.0,-18.0,370.0,438.0
72,3.0,0,0.5,0.0,0.0,0.0,0.0,0.0,0.0,0.0,1.0,0.0,0.0,0.0,0.0,2,0.5,0.0,0.0,-83.75,113.61,128.42
65,3.0,0,0.5,0.0,0.0,0.0,0.0,0.0,0.0,0.0,1.0,0.0,0.0,0.0,0.0,2,0.5,0.0,0.0,-71.57,102.14,117.29
88,3.0,0,0.6,0.0,0.4,0.0,0.0,0.0,0.0,0.0,0.95,0.05,0.0,0.0,0.0,2,0.0,0.0,0.0,-23.13,173.0,226.0
1,3.0,0,0.5,0.0,0.5,0.0,0.0,0.0,0.0,0.0,1.0,0.0,0.0,0.0,0.0,2,0.0,0.0,0.0,-12.0,280.0,365.0
5,3.0,0,0.9,0.0,0.1,0.0,0.0,0.0,0.0,0.0,1.0,0.0,0.0,0.0,0.0,2,0.0,0.0,0.0,-22.82,85.6,104.8
112,3.0,0,0.0,0.7,0.0,0.0,0.0,0.0,0.3,0.0,1.0,0.0,0.0,0.0,0.0,2,0.0,0.0,0.0,-24.0,335.0,396.0
53,3.0,0,0.0,0.75,0.0,0.0,0.0,0.25,0.0,0.0,1.0,0.0,0.0,0.0,0.0,2,0.0,0.0,0.0,-14.0,272.0,420.0
97,3.0,0,0.6,0.0,0.25,0.0,0.0,0.15,0.0,0.0,1.0,0.0,0.0,0.0,0.0,3,0.0,0.0,0.0,-9.88,79.41,199.67
101,3.0,0,0.0,0.0,0.0,0.06,0.0,0.0,0.0,0.0,1.0,0.0,0.0,0.0,0.94,2,0.0,0.0,0.0,-24.0,266.3,284.9
67,3.0,0,0.7,0.0,0.0,0.0,0.0,0.0,0.0,0.0,1.0,0.0,0.0,0.0,0.0,2,0.3,0.0,0.0,-68.23,116.85,135.12
94,3.0,0,0.5,0.0,0.2,0.0,0.0,0.0,0.0,0.0,1.0,0.0,0.0,0.0,0.3,3,0.0,0.0,0.0,-45.024,184.68,225.25
14,3.0,0,0.95,0.0,0.0,0.0,0.0,0.0,0.05,0.0,1.0,0.0,0.0,0.0,0.0,2,0.0,0.0,0.0,-25.47,105.56,113.33
90,3.0,0,0.6,0.0,0.4,0.0,0.0,0.0,0.0,0.0,0.85,0.15,0.0,0.0,0.0,2,0.0,0.0,0.0,-22.34,85.0,137.0
28,3.0,0,0.6,0.0,0.25,0.15,0.0,0.0,0.0,0.0,1.0,0.0,0.0,0.0,0.0,3,0.0,0.0,0.0,-11.3,128.0,221.0
3,3.1,0,0.0,0.5,0.4,0.0,0.0,0.0,0.0,0.0,1.0,0.0,0.0,0.0,0.0,3,0.0,0.0,0.0,-3.0,327.9,392.65
